{
    "lu_side": 1.1201876304698883,
    "ru_side": 6.536217948717948,
    "ld_side": 0.4172932330827067,
    "rd_side": 1.288888888888889,
    "tb": 2.3340612341855573,
    "mouth": 0.17169849495937958
}